{
  "description": "自定义不规则截面示例",
  "version": "1.0",
  "section_name": "自定义截面",
  "materials": {
    "concrete_type": "C40",
    "steel_type": "HRB500"
  },
  "geometry": {
    "height": 600,
    "contour_points": [
      {
        "y": -300,
        "half_width": 200,
        "description": "底部"
      },
      {
        "y": -150,
        "half_width": 180,
        "description": "中下部"
      },
      {
        "y": 0,
        "half_width": 150,
        "description": "中部"
      },
      {
        "y": 150,
        "half_width": 180,
        "description": "中上部"
      },
      {
        "y": 300,
        "half_width": 200,
        "description": "顶部"
      }
    ]
  },
  "reinforcement": {
    "cover_thickness": 30,
    "layers": {
      "top": {
        "count": 3,
        "diameter": 20,
        "cover_override": null
      },
      "middle": {
        "count": 2,
        "diameter": 18,
        "cover_override": 40
      },
      "bottom": {
        "count": 4,
        "diameter": 22,
        "cover_override": null
      }
    }
  },
  "analysis": {
    "target_axial_force": 300,
    "curvature_range": {
      "start": 0.0,
      "end": 0.0015,
      "steps": 150
    },
    "single_calculation": {
      "kappa": 0.0005,
      "epsilon0": 0.0001
    }
  }
}