{
  "description": "不规则对称截面分析配置文件",
  "version": "1.0",
  "section_name": "示例不规则对称截面",

  "materials": {
    "concrete_type": "C45",
    "steel_type": "HRB400"
  },

  "geometry": {
    "height": 800,
    "contour_points": [
      {"y": -400, "half_width": 300, "description": "底部最宽处"},
      {"y": -300, "half_width": 280, "description": "底部向上收缩"},
      {"y": -200, "half_width": 200, "description": "腰部收窄"},
      {"y": -100, "half_width": 180, "description": "继续收窄"},
      {"y": 0, "half_width": 150, "description": "最窄处"},
      {"y": 100, "half_width": 180, "description": "上半部分对称"},
      {"y": 200, "half_width": 200, "description": "上半部分对称"},
      {"y": 300, "half_width": 220, "description": "上半部分略宽"},
      {"y": 400, "half_width": 180, "description": "顶部收窄"}
    ]
  },

  "reinforcement": {
    "cover_thickness": 40,
    "layers": {
      "top": {
        "count": 2,
        "diameter": 18,
        "cover_override": null
      },
      "middle": {
        "count": 2,
        "diameter": 20,
        "cover_override": 50
      },
      "bottom": {
        "count": 3,
        "diameter": 25,
        "cover_override": null
      }
    }
  },

  "analysis": {
    "target_axial_force": 500,
    "curvature_range": {
      "start": 0.0,
      "end": 0.0022,
      "steps": 200
    },
    "single_calculation": {
      "kappa": 0.0007,
      "epsilon0": 0.00015
    }
  }
}