{
  "description": "不规则对称截面 - 阶梯外廓",
  "version": "1.0",
  "section_name": "stepped_section",
  "materials": {
    "concrete_type": "C35",
    "steel_type": "HRB400"
  },
  "geometry": {
    "height": 800,
    "contour_points": [
      {"y": -400, "half_width": 260},
      {"y": -240, "half_width": 220},
      {"y": -80, "half_width": 220},
      {"y": 80, "half_width": 260},
      {"y": 240, "half_width": 260},
      {"y": 400, "half_width": 260}
    ]
  },
  "reinforcement": {
    "cover_thickness": 35,
    "layers": {
      "top": {"count": 2, "diameter": 18},
      "middle": {"count": 2, "diameter": 16},
      "bottom": {"count": 4, "diameter": 22}
    }
  },
  "analysis": {
    "target_axial_force": 400,
    "curvature_range": {"start": 0.0, "end": 0.002, "steps": 220}
  }
}
