{
  "description": "不规则对称截面 - 窄腰样例",
  "version": "1.0",
  "section_name": "narrow_waist_section",
  "materials": {
    "concrete_type": "C40",
    "steel_type": "HRB400"
  },
  "geometry": {
    "height": 600,
    "contour_points": [
      {"y": -300, "half_width": 220},
      {"y": -150, "half_width": 180},
      {"y": 0, "half_width": 120},
      {"y": 150, "half_width": 180},
      {"y": 300, "half_width": 220}
    ]
  },
  "reinforcement": {
    "cover_thickness": 40,
    "layers": {
      "top": {"count": 2, "diameter": 18},
      "middle": {"count": 0, "diameter": 0},
      "bottom": {"count": 3, "diameter": 20}
    }
  },
  "analysis": {
    "target_axial_force": 200,
    "curvature_range": {"start": 0.0, "end": 0.0015, "steps": 180}
  }
}
