{
  "description": "不规则对称截面 - 逐渐收缩上宽下窄",
  "version": "1.0",
  "section_name": "tapered_section",
  "materials": {
    "concrete_type": "C30",
    "steel_type": "HRB400"
  },
  "geometry": {
    "height": 500,
    "contour_points": [
      {"y": -250, "half_width": 240},
      {"y": -125, "half_width": 220},
      {"y": 0, "half_width": 200},
      {"y": 125, "half_width": 180},
      {"y": 250, "half_width": 160}
    ]
  },
  "reinforcement": {
    "cover_thickness": 30,
    "layers": {
      "top": {"count": 3, "diameter": 16},
      "middle": {"count": 1, "diameter": 14},
      "bottom": {"count": 2, "diameter": 18}
    }
  },
  "analysis": {
    "target_axial_force": 0,
    "curvature_range": {"start": 0.0, "end": 0.0012, "steps": 150}
  }
}
